phi1_deg,phi2_med,phi2_err,rv_med,rv_err,n_stars
-1.020461,0.051538,0.061204,30.752129,3.856756,40
3.267057,0.088881,0.070859,21.890859,3.775225,51
7.833460,0.177843,0.051296,16.354617,3.545048,63
12.118752,0.031408,0.077881,22.026639,5.579811,37
16.668222,0.432923,0.088242,14.217609,6.867696,20
22.858798,-0.038257,0.065031,18.847641,3.986786,39
