phi1_deg,phi2_med,phi2_err,rv_med,rv_err,n_stars,pm1_med,pm1_err,pm2_med,pm2_err
-1.020461,0.051538,0.061204,30.752129,3.856756,40,-6.029596,0.159812,3.192269,0.062458
3.267057,0.088881,0.070859,21.890859,3.775225,51,-6.106336,0.136029,3.191498,0.057044
7.833460,0.177843,0.051296,16.354617,3.545048,63,-6.169133,0.125706,3.400762,0.056578
12.118752,0.031408,0.077881,22.026639,5.579811,37,-6.752757,0.118029,3.311998,0.054501
16.668222,0.432923,0.088242,14.217609,6.867696,20,-6.555708,0.156572,3.189254,0.068738
22.858798,-0.038257,0.065031,18.847641,3.986786,39,-5.954621,0.122722,3.386664,0.049815
