phi1_deg,phi2_med,phi2_err,rv_med,rv_err,n_stars,pm1_med,pm1_err,pm2_med,pm2_err
-1.020461,0.051538,0.061204,30.752129,3.856756,40,-6.079074,0.184928,3.280900,0.072572
3.267057,0.088881,0.070859,21.890859,3.775225,51,-6.082633,0.158537,3.307139,0.068951
7.833460,0.177843,0.051296,16.354617,3.545048,63,-6.009072,0.150712,3.394782,0.067397
12.118752,0.031408,0.077881,22.026639,5.579811,37,-6.752713,0.140614,3.393998,0.063803
16.668222,0.432923,0.088242,14.217609,6.867696,20,-6.574250,0.191407,3.249771,0.083870
22.858798,-0.038257,0.065031,18.847641,3.986786,39,-5.798447,0.147880,3.343243,0.059667
