phi1_deg,phi2_med,phi2_err,rv_med,rv_err,n_stars
-2.159071,0.124215,0.031321,48.175352,9.004856,264
1.424654,0.012396,0.027327,50.839826,5.294877,296
5.188737,0.065161,0.025126,34.973853,8.663170,395
8.699049,0.067818,0.023833,33.298925,9.630865,460
12.077311,0.049343,0.025803,23.829061,7.665507,394
15.648010,0.057540,0.027402,9.453844,4.368357,356
20.747598,0.143762,0.038877,9.629081,6.047890,174
22.931339,0.080408,0.021144,14.962065,5.030430,510
