phi1_deg,phi2_med,phi2_err,rv_med,rv_err,n_stars
-1.377039,0.152729,0.048918,25.029957,3.033562,85
3.706825,0.003940,0.051404,20.202351,2.726069,96
7.910149,0.093577,0.041700,20.675327,2.446321,119
12.184135,0.039806,0.052816,14.346972,3.255625,88
16.944928,0.157496,0.079383,16.658446,4.640607,45
22.671534,0.077516,0.041952,18.405588,2.508802,108
