phi1_deg,dist_med,dist_err
-85.0,76.7085,3.0495
-70.35714285714286,46.3562,0.4452
-55.714285714285715,33.8962,0.4753
-41.07142857142857,26.8176,0.4038
-26.42857142857143,22.6823,0.2847
-11.785714285714292,19.6932,0.9079
17.5,17.3862,1.4011
32.14285714285714,16.8299,0.5182
46.78571428571428,16.9878,0.4269
61.428571428571416,20.3673,0.9249
76.07142857142856,22.696,0.6499
90.71428571428572,29.1609,0.4723
105.35714285714286,37.5748,1.0217
120.0,49.5643,2.7695
