phi1_deg,rv_med,rv_err,n_stars
-52.198845,65.972424,5.759144,18
-45.722965,24.315887,2.496981,4
-25.000063,-116.775073,11.036766,20
-22.743132,-134.949776,1.525669,16
-16.938035,-168.178206,1.557286,40
-13.429199,-188.962032,5.265026,35
-9.046958,-214.043288,1.972983,21
-4.837535,-233.137213,1.784690,14
-1.988521,-253.642145,9.157171,18
